{
  "seats": 4,
  "gamesPer": 24,
  "results": [
    {
      "opponent": "pvphunter",
      "games": 24,
      "winRate": 0.75,
      "avgPlace": 1.25,
      "avgVP": 18.208333333333332,
      "avgOppVP": 6.847222222222222,
      "finishedRate": 1
    },
    {
      "opponent": "medium",
      "games": 24,
      "winRate": 0.7083333333333334,
      "avgPlace": 1,
      "avgVP": 25.583333333333332,
      "avgOppVP": 2.458333333333333,
      "finishedRate": 0.7083333333333334
    },
    {
      "opponent": "mixed",
      "games": 24,
      "winRate": 0.75,
      "avgPlace": 1.125,
      "avgVP": 26.041666666666668,
      "avgOppVP": 4.222222222222222,
      "finishedRate": 0.7916666666666666
    }
  ]
}