{
  "seats": 4,
  "gamesPer": 24,
  "results": [
    {
      "opponent": "pvphunter",
      "games": 24,
      "winRate": 0.7083333333333334,
      "avgPlace": 1.2916666666666667,
      "avgVP": 18.583333333333332,
      "avgOppVP": 8.180555555555555,
      "finishedRate": 0.9583333333333334
    },
    {
      "opponent": "medium",
      "games": 24,
      "winRate": 0.7083333333333334,
      "avgPlace": 1,
      "avgVP": 24.708333333333332,
      "avgOppVP": 3.138888888888889,
      "finishedRate": 0.7083333333333334
    },
    {
      "opponent": "mixed",
      "games": 24,
      "winRate": 0.7083333333333334,
      "avgPlace": 1,
      "avgVP": 25.75,
      "avgOppVP": 3.3611111111111107,
      "finishedRate": 0.7083333333333334
    }
  ]
}