{
  "seats": 4,
  "gamesPer": 24,
  "results": [
    {
      "opponent": "pvphunter",
      "games": 24,
      "winRate": 0.7083333333333334,
      "avgPlace": 1.375,
      "avgVP": 18.458333333333332,
      "avgOppVP": 7.833333333333333,
      "finishedRate": 1
    },
    {
      "opponent": "medium",
      "games": 24,
      "winRate": 0.375,
      "avgPlace": 1.0416666666666667,
      "avgVP": 20.166666666666668,
      "avgOppVP": 2.361111111111111,
      "finishedRate": 0.375
    },
    {
      "opponent": "mixed",
      "games": 24,
      "winRate": 0.3333333333333333,
      "avgPlace": 1,
      "avgVP": 21.083333333333332,
      "avgOppVP": 3.7638888888888893,
      "finishedRate": 0.3333333333333333
    }
  ]
}