{
  "seats": 4,
  "gamesPer": 24,
  "results": [
    {
      "opponent": "pvphunter",
      "games": 24,
      "winRate": 0,
      "avgPlace": 3.5833333333333335,
      "avgVP": 0.08333333333333333,
      "avgOppVP": 14.180555555555555,
      "finishedRate": 0.5
    },
    {
      "opponent": "mixed",
      "games": 24,
      "winRate": 0,
      "avgPlace": 2.2083333333333335,
      "avgVP": 0,
      "avgOppVP": 4.805555555555555,
      "finishedRate": 0.125
    }
  ]
}