{
  "seats": 4,
  "gamesPer": 24,
  "results": [
    {
      "opponent": "pvphunter",
      "games": 24,
      "winRate": 0.4583333333333333,
      "avgPlace": 1.9583333333333333,
      "avgVP": 15.458333333333334,
      "avgOppVP": 9.347222222222223,
      "finishedRate": 1
    },
    {
      "opponent": "medium",
      "games": 24,
      "winRate": 0.9166666666666666,
      "avgPlace": 1.0833333333333333,
      "avgVP": 28.541666666666668,
      "avgOppVP": 6.388888888888889,
      "finishedRate": 0.9166666666666666
    },
    {
      "opponent": "mixed",
      "games": 24,
      "winRate": 0.7083333333333334,
      "avgPlace": 1.4166666666666667,
      "avgVP": 24.416666666666668,
      "avgOppVP": 8.083333333333332,
      "finishedRate": 0.9166666666666666
    }
  ]
}