{
  "seats": 4,
  "gamesPer": 24,
  "results": [
    {
      "opponent": "pvphunter",
      "games": 24,
      "winRate": 0.7916666666666666,
      "avgPlace": 1.25,
      "avgVP": 20.833333333333332,
      "avgOppVP": 6.416666666666667,
      "finishedRate": 1
    },
    {
      "opponent": "medium",
      "games": 24,
      "winRate": 0.20833333333333334,
      "avgPlace": 1,
      "avgVP": 18,
      "avgOppVP": 1.8472222222222223,
      "finishedRate": 0.20833333333333334
    },
    {
      "opponent": "mixed",
      "games": 24,
      "winRate": 0.25,
      "avgPlace": 1.0416666666666667,
      "avgVP": 19.5,
      "avgOppVP": 2.944444444444444,
      "finishedRate": 0.2916666666666667
    }
  ]
}