{
  "seats": 4,
  "gamesPer": 24,
  "results": [
    {
      "opponent": "pvphunter",
      "games": 24,
      "winRate": 0.7083333333333334,
      "avgPlace": 1.2916666666666667,
      "avgVP": 20.875,
      "avgOppVP": 8.430555555555555,
      "finishedRate": 1
    },
    {
      "opponent": "medium",
      "games": 24,
      "winRate": 0.7916666666666666,
      "avgPlace": 1,
      "avgVP": 28.041666666666668,
      "avgOppVP": 4.166666666666667,
      "finishedRate": 0.7916666666666666
    },
    {
      "opponent": "mixed",
      "games": 24,
      "winRate": 0.875,
      "avgPlace": 1,
      "avgVP": 28.875,
      "avgOppVP": 6.291666666666667,
      "finishedRate": 0.875
    }
  ]
}